Time,Comment,User
,,
,,
,,
,,
,,
,,
,,
,,
,,
,,
,,
,,
,,
,,
,,
,,
,,
,,
,,
,,
,,
,,
,,
,,
,,
,,
,,
,,
,,
,,
,,
,,
,,
,,
,,
,,
,,
,,
,,
,,
,,
,,
,,
,,
,,
,,
,,
,,
,,
,,
,,
,,
,,
,,
,,
,,
,,
,,
,,
,,
,,
,,
,,
,,
,,
,,
,,
,,
,,
,,
,,
,,
,,
,,
,,
,,
,,
,,
,,
,,
,,
,,
,,
,,
,,
,,
,,
,,
,,
,,
,,
,,
,,
,,
,,
,,
,,
,,
,,
,,
,,
,,
,,
,,
,,
,,
,,
,,
,,
,,
,,
,,
,,
,,
,,
,,
,,
,,
,,
,,
,,
,,
,,
,,
,,
,,
,,
,,
,,
,,
,,
,,
,,
,,
,,
,,
,,
,,
,,
,,
,,
,,
Comment,Time,User
"Xài ổn, pin trâu sạc nhanh, camera chụp đẹp, chơi game mượt, có điều bắt sóng wifi không được tốt lắm.",1 tuần trước,Nguyễn Lương Kim Hảo
,,
"Tôi  sử  dụng  gần 1 năm thì  sạc nhanh  không  hoạt đồng
Có  ai  bk  cách sữa  lỗi  không  ạ",2 tuần trước,Minh
Tui cv,5 ngày trước,Thiện
,,
"Từ lúc máy nâng cấp lên Android 10 là có hiện tượng máy giật lag kinh khủng, dù mình không xài ứng dụng gì nhiều, đang bấm phím thì màn hình tắt đột ngột, mở lại rất là lâu, không biết do lỗi màn hình hay lỗi gì nữa.",2 tuần trước,Nhật Huy
"Các máy samsung chạy chip esynoss lên android 10 dường như bị lag , mấy máy samsung chagj chip snap thì kl cls bị",1 tuần trước,Đặng Khánh Đạt
Tui dang sai androi 10 nè. Thấy bt. Sài thi vô coi mấy cái mẹo mà tat đi. ,6 ngày trước,Nguyễn phong điền
,,
"Mình mua em này từ tháng 7/2019. Thực sự rất hài lòng. Cảm ứng mượt, chụp hình đẹp. Mình vừa update lên Android 10, khá mượt, có thêm 1 số chức năng mới. Giá khá hời với 1 chiếc đth như thế này. Giá thành khá phù hợp với các bạn hs sv muốn có 1 đth tốt.",4 tuần trước,Phương Thảo
,,
Sản phẩm mua về mới sài thì ổn sau khi cập nhật thì có hiện tượng treo logo làm sao để khắc phục ạ ??,4 tuần trước,Cúc Huỳnh
"Mình cũng bị hiện tượng treo logo, đang xài thì máy tự động tắt, mở lại rất là lâu",2 tuần trước,Nhật Huy
,,
"Mình mua từ tháng 9/2019. Xài cũng tạm ổn thôi. Màn hình mới nên cảm thấy cảm ứng ko nhạy lắm, hay giật lag, cảm ứng vân tay cũng lâu lâu ko nhạy. Mới dc update lên android 10, có thêm tính năng quay màn hình như iPhone thấy cũng ok. Camera chuyên trị bóng tối.",13/04/2020,Nhật Huy
Ko biết camera trước của bạn có bị vàng ko chứ mình cập nhật androib10 xong camera tự động làm vàng da như bệnh gan ấy,16/04/2020,Khánh
"Ko bạn ơi, bạn reset lại cài đặt máy ảnh thử.",4 tuần trước,Nhật Huy
,,
"A50 quá tuyệt vời, các bạn nào chê A50 ko nhạy là do các chưa tăng độ nhạy cảm cho A50,và tăng độ nhạy cho bàn phím. Tăng xong cảm ứng rất nhạy, nhiều tính năng hữu ích. ",12/04/2020,Mr Châu
Tăng độ nhạy cảm ứng là vào phần nào v ah,15/04/2020,Huy
Làm sao để tăng được ạ?,16/04/2020,Dương
"Các bạn vào cài đặt, sau đó vào phần màn hình, sau đó kéo xuống là thấy phần tăng độ nhạy cảm ứng là oke. ",4 tuần trước,Châu
Tăng như nào ạ bạn,4 tuần trước,Đỗ Hoa
,,
"Mua hồi tháng 2 lúc giảm còn 5 triệu mấy .Ai cũng chê nhưng xài 1 tháng rồi mọi thứ đều ổn.Nhân viên tư vẫn nhiệt tình, tầm trung nên không thể đòi hỏi vân tay nhạy.Chs game ít khi bị giật lag.Thiết kế đẹp mắt.Màu lưng máy siêu đẹp.Nói chung những bạn có túi tiền tầm tầm thì vẫn nên mua rất tốt,dành cho làm việc giải trí đều ok.Tin dùng Samsung bao năm",11/04/2020,Quỳnh Anh
,,
Mới đầu mua mình có nghiên cứu rồi xem nhiều các đánh giá của các bạn đã mua. Nhưng sài được hơn 1 tháng rồi mà máy vẫn ngon pin trâu không hề giật lag như các bạn nói. Tóm lại là rất hài lòng về máy cũng như phục vụ của nhân viên ĐMX. ,05/04/2020,Phương Anh
,,
tôi vừa mới mua lúc ság máy chạy siêu mượt ko có hiện tượng giật hay lag pin ổn định vân tay tuyệt vời khuôn mặt cũng rất tuyệt vời chơi game thì bao ngon anh em cứ yên tâm khi sử dụng con a50 không hiểu sao các bạn lại chê thậm tệ như vậy.Nhân viên chu đáo nhiệt tình,02/04/2020,nguyễn quốc khởi
,,
"Máy chạy tốt, dùng lâu cảm giác máy máy hơi nóng. Pin cũng dùng lâu. Thiết kế đẹp mắt. Camera chụp hình khá nét. Mua lúc giảm giá 4tr990 nên cũng khôg dám yêu cầu gì nhiều. Nhân viên phục vụ rất tốt, nhiệt tình",30/03/2020,NGUYỄN THỊ THỦY TIÊN
Sao dạo này đang dịch bệnh dt sức mua cũng đang giảm mà giá dt sámung lai đi ngược tăng giá nhỉ 😂,11/04/2020,Nguyễn Hà
,,
"Có cái điện thoại mà sóng sánh làm không nên, bắt sóng yếu, không ổn định thua cả điện thoại tàu. Ai có chơi game hay cần làm việc gì cần sóng ổn định thì ko nên mua. Vote 0 sao chứ 1 sao cũng không đáng",29/03/2020,Anh Nhut
"Tình trạng rớt mạng, mất sóng 4g xuống h+ thường xuyên khi chơi game. Cực kì ức chế -1* luôn",03/04/2020,Anh Nhut
,,
sau khi cập nhật phiên bản mới vào ngày 26tháng 3 song không đăng kí được vân tay luôn ,27/03/2020,phượng chiêm
,,
"Hiệu năng máy tốt, chip ổn đủ để chơi game lướt web,... Sóng lúc mạnh lúc yếu, đa phần là khá yếu chỉ từ 2 đến 3 vạch. Nóng nhanh, có lúc máy cực kì nóng. Nhunge máy rất đáng mua.",27/03/2020,Tuấn Anh
,,
"Hiệu năng :
     ●     Máy dùng rất tốt nhé mọi người, cái vân tay quang học cũng nhạy mình quét vài lần là quen. Máy này android không phải ios nên khi dùng mọi người chịu khó tối ưu máy mỗi ngày thì máy sẽ mượt mà mọi tác vụ
Game :
     ●      Liên quân fps cao 60 fps không tụt chơi rất mượt có điều do màn hình dài nên nhả chiêu dần sẽ quen, còn pubg thì ổn nhé 
Camera :
     ●       Chụp nét ổn, quay video còn rung nếu bạn nào muốn camera đẹp thì thêm ít tiền mua a50s
Pin   :
     ●        Đủ dùng gần 1 ngày, tắt sạc nhanh cho khỏi chai pin sạc cũng ok không cần đến sạc nhanh là mấy
Trên đây là toàn bộ review của mình sau khi sử dụng máy gần 1 năm các bạn cứ tham khảo
",11/03/2020,Âu Quốc Cường
Bạn cập nhật nhận diện vân ty mới chưa?,13/03/2020,hiep
Liên quân fps cao 60 thì chơi được 1 ván đầu ván thứ 2 thì tụt giật liên tục...mang tiếng sạc nhanh nhưng còn nên học hỏi oppo...4g wifi bắt khá yếu ,16/03/2020,Nguyen Khang
rồi bạn,16/03/2020,Quốc Cường
,,
Máy lỗi này lỗi nọ hết sạc đến mạng không bắt được 4g dù mấy máy khác 4g khỏe anh em k nên mua mua một lần hối hận luôn ,04/03/2020,Lý văn đông
"Chào Quý khách, Thế giới di động đã liên hệ và xử lý hoàn tất với quý khách. Xin cảm ơn",05/03/2020,Xong Lê
,,
"Máy hơi nóng là có hiện tượng loạn cảm ứng , chơi game hay nhập bàn phím thì không ăn nhảy loạn xạ, tác vụ hằng ngày thì lâu lâu bị đứng r văng,.....",03/03/2020,Bảo khanh
,,
"Cổng sạc quá dở . Máy thông báo phát hiện đổ ẩm không cho sạc . Dù không hề rớt xuống nước  hay dính bụi bên trong
Mang ra tgdd thì họ nói bị cổng sạc bị oxi hóa nên đổi cho cái khác .. 
Đến hôm nay cái này tiếp tục bị y hệt như vậy
Quá thất vọng",28/02/2020,Vương Quý
"Chào quý khách, Thế giới di động sđã ghi nhận và chuyển bộ phận liên quan hỗ trợ quý khách. Cảm ơn quý khách.",28/02/2020,Xong Lê
"Chào Quý khách, Thế giới di động đã liên hệ và xử lý hoàn tất với quý khách. Xin cảm ơn",03/03/2020,Xong Lê
,,
"Loạn cảm ứng liên tục dù mới mua vài tháng. Bực cả mình. Nhiều khi đang gấp làm công việc trên đây mà nhấn thì không ăn, đứng lag",23/02/2020,Nguyễn ngọc bảo nghi
Thế giới di động đã ghi nhận và chuyển bộ phận liên quan hỗ trợ quý khách,24/02/2020,Xong Lê
"Chào Quý khách, Thế giới di động đã liên hệ và xử lý hoàn tất với quý khách. Xin cảm ơn",24/02/2020,Xong Lê
,,
"sản phẩm nhanh hỏng mic, mới mua được hơn tháng đã hỏng,,,,,,,,,,,,,,,,,,,,,,,,,,,,,,,,,,,,,,,,,,,,,,,,,,,,,,,,,,,,,,",17/02/2020,tran huu tinh
,,
Máy loa ngoài mau hư. Mới xài mak hư rồi. Cục sạc theo máy cũng hư luôn. Nãn gì đâu mới ra hoàn tiền rồi. Tốn tiền dán kính cường lực tốn xăng nữa,13/02/2020,Lê Thạch Duy Thanh
Chả biết sao chứ mua đc gần 1 năm rồi mà sài vẫn bt 😂😂😂,18/02/2020,Thằng hề
,,
"Máy như "" ... "" Tự hiểu nó lắc vô cùng có khi lag màn hình và đứng luôn ( gặp thường xuyên chứ hong phải đôi lúc ) ok. nhưng mà đối với phân khúc tầm trung giá tiền như vậy là "" không thể chấp nhận được "" méo hiểu tại sao như vậy mà không hề giảm giá nữa chứ kiểu như samsung "" rất tự hào "" về sản phẩm dị á khinh dễ sợ nói chung tui có kinh nghiệm về máy này và rất sợ nên anh em đừng mua nhé tui là người đã trải nghiệm và chia sẽ cho anh em máy tui sài 1 tháng đầu là có hiện tượng dị ời nên mới dám nói máy hiện tại hơn 5 tháng ời nên anh em đừng mua dòng máy này nha kẻo như tui...",11/02/2020,Nông Đức Phú
T xài bình thường chả có vấn đề gì :),12/02/2020,Nguyễn Quang Khải
"mình dùng bình thường ko thấy tình trạng như bạn, xài tới 5 tháng rồi mà ko chịu đi bảo hành à?",13/02/2020,long
Chắc do bạn xui chứ mình mua cũ mà vẫn mượt,13/02/2020,Mingg
"Mình mua máy 5 tháng rồi mà chơi game để chế độ cao vẫn mượt, còn các ứng dụng khác không bị giật lag gì. Máy sài ok",16/02/2020,Võ Huy
,,
Quá thất vọng về a50 . Bắt sóng kém kinh khủng luôn. Không biết do phần mềm hay phần cứng do nhà sx nữa vậy,09/02/2020,Nguyennamthanh
"Minh o q9,  bỏ sim viettel thì 4vach,  mobi thì 2vach,  íu xìu",17/02/2020,Trung
,,
"Máy dùng tác vụ thông thường thì khá ổn nhưng pin hơi yếu , vân tay rất bất tiện khi bỏ điện thoại trong túi quần vì bị chạm nên không dùng được",31/01/2020,Lê quốc hưng
,,
sam sung mua mới khi ra tiệm sửa thì mới biết thiếu ốc vit bên trong chắc là đã bán nhầm sản phẩm đã qua bảo hành như vậy không tốt ,30/01/2020,Mai ngọc quân
Thế giới di động đã ghi nhận và chuyển bộ phận liên quan hỗ trợ quý khách,01/02/2020,Xong Lê
"Chuẩn đấy, trước mình mua 1 con sony mới, nhưng về mở Facebook thì đã có ng đăng nhập, ra hỏi nhân viên giải thích ko biết tại sao, thua, toàn bán máy đổi trả giá máy mới",02/02/2020,Hoàng Hoài Nam
,,
"Sau khi cập nhật bảo mật ngày 11.11.2019 thì nhận diện vân tay cực kỳ tệ. Rất mong samsung sửa lỗi này, đồng thời nên gỡ ứng dụng do 360 phát triển.",20/01/2020,Quanghiep
Nâng cấp len 1/2/2020 thì tịt hẳn luôn ý,18/03/2020,Cao tuấn
,,
"Sau khi sử dụng hơn tuần. Mình thấy pin quá kém, sóng thì cực kém luân. Đã sai khi mua",19/01/2020,Nam
,,
"Mấy mua tại dmx thị trấn nam ban, lâm hà, lâm đồng. Mọi thứ đều ổn. Trừ cái khoản vân tay sau khi cập nhật bản vá ngày 1/12/2019 . Mong sẽ update lại",19/01/2020,Tin Tin
,,
"Mua 2 máy a50 máy mới dùng lượng pin 4000mAh mà so vs samsung j7 pro pin chi có 3600mAh ma k bằng j7 PRO thua về mọi mặc,mất lòng tin bên hãng,va k thich chinh sach đỗi trả bên tgdd,tôi đã tin tưởng và mua hàng bên tgdd và dmx,nhưng giờ tôi phải nghĩ lại trước khi mua hàng bên tgdd,và dmx...",17/01/2020,Bùi Văn Hoàng
,,
Hối hận khi mua máy này máy 2 SIM mà gắn vào sử dụng mạng chậm pin mau hết cục sạc theo máy 3 tháng hỏng ,15/01/2020,Nguyễn Hùng
Thế giới di động đã ghi nhận và chuyển bộ phận liên quan hỗ trợ quý khách,16/01/2020,Xong Lê
,,
Trải nghiệm được 1 tuần.máy dùng rất ổn.sạc đúng chuẩn sạc nhanh.nhân viên TGDD chi nhánh Bùi Thị Xuân_Đà Lạt rất nhiệt tình.mình rất hài lòng.,12/01/2020,Hồng Phượng
,,
"Nhìn chung máy đẹp mọi chức năng đều ok..pin khá trâu. Nhưng chơi game k đc mượt cho lắm, có hỗ trợ sạc nhanh sao sạc thấy khá lau như k có sạc nhanh vậy",10/01/2020,Tiến
,,
"Máy của mình cũng bị loạn cảm ứng, nhiều lúc đang đọc truyện mà màn hình bị giật liên tục nhìn nhức mắt lắm luôn, với lại hình như máy này không có sẵn máy tính đúng không ad?",27/12/2019,Trần Nguyễn Bảo Hân
"Thế giới di động sẽ liên hệ hướng dẫn, khắc phục lỗi sản phẩm",27/12/2019,Xong Lê
"Cập nhập phần mềm, tắt always là ok",06/01/2020,Nam
Máy mình bị loạn cảm ứng nhảy như gì,09/03/2020,Mai xuân thức
,,
"Dùng tuần đầu đc, sau loạn cảm ứng mặc dù ko chơi game, máy đơ, phần mềm lỗi ko bằng máy 2 triệu",22/12/2019,Linh đức luân
,,
Mình dùng 4 tháng  rồi cũng thấy ổn  bin dùng được  cam tạm được nói chung là được ,22/12/2019,Anh tuyến
,,
"Sau hơn 1 tháng sử dụng thì e có nhận xét như sau:
Điện thoại sử dụng khá tốt, chụp ảnh ở mức tạm được, selfe thì ổn, bảo mật vân tay, khuôn mặt thì tốt, pin thì sử dụng được ngày, xài ít thì đc hai ngày (cũng thoải mái lắm) màn hình thì nói chung là ổn, chế độ AOD thì tốt (1 tiếng mấy mới mất 1% pin, máy chơi game khá ổn, nhân viên tư vấn khá nhiệt tình
Nói chung là máy khá ổn so với tầm giá! Xin cảm ơn",18/12/2019,Trọng Trí
,,
"Sản phẩm tốt. Lúc đầu thấy mọi người chê quá trời, k dám mua, phân vân ghê luôn. Nhưng t tin tưởng ss thường hiệu nổi tiếng, và k hề sai lầm và hối hận khi mua. Dt mượt, nhanh, pin trâu, sóng 4g ở vùng sâu xa yếu.",15/12/2019,Nguyen cam thi
,,
"Loa samsung a50 bị rè. Hay bị lag. Mọi người đừng nên mua, TÔI THẬT SỰ HỐI HẬN KHI MUA SAMSUSNG A50",13/12/2019,Khôi
"Máy lỗi loa đó bạn, đem đổi trả hàng đi",11/01/2020,Hoàng Ramiel
Đang sài a50 mà nghe ae chê bai thế.,29/02/2020,Quốc
,,
Mình thấy máy dùng ổn mà có lúc chơi game hơi lag còn lại đều ngon so với tầm giá,12/12/2019,Kim Điều
,,
Vân tay khá tệ. Dán kính cường lực về xong k sd vân tay dc luôn. Máy thì hay bị loạn cảm ứng. Cam thì rất oke. Càng sd lâu pin tuột càng nhanh. Hơi bị thất vọng,11/12/2019,Trương thị cẩm nhung
Ss dán sẵn miếng dán chống xước màn hình rồi mà.  Đâu cần thêm dầu,09/02/2020,Tin tin
,,
Sản phẩm okk ! Đôi lúc hơi lag nhưng củng ok lắm ! Cảm ứng nhạy ! Pin củng ổn ! Xem yt hay gì củng ok lắm ! Mình đã sử dụng sản phẩm đc hơn 6 thág và cảm nhận là rất ok,09/12/2019,Nguyễn võ minh lợi
,,
Mạn 4g quá tệ. Thường xuyên mất xóng. Thất vọng. Uôngt phí tiền. Mong có những bản nhập nhập cải thiện 4g,07/12/2019,Phạm Anh quí
4g k lên mạng được ,11/12/2019,TuAnanh
,,
Mình mua dùng được vài ngày phát hiện trong camera có rất nhiều bụi đã đổi mới nhưng cái mới cũng bị bụi lọt vào phải nói chất lượng quá tệ mình đem ra đổi ko được nũa vì họ nói họ không phat hiện có bụi,05/12/2019,Buianhtu
,,
Co ai giống tôi sao máy sử dụng 4G mà tốc độ load quá chậm dù còn 5g tốc độ cao xem youtube thua a10s đều sử dụng mạng Viettel ,05/12/2019,Hùng nguyễn
What 5G ??? :)),24/02/2020,Nhân Trần
,,
"Mọi thứ đều tốt, nhưng camera sau 25mp ko đc như mong muốn. Với hai hôm nay chplay của mk ko tải ứng dụng xuống đc ( bị như hình ) ",05/12/2019,Vũ Hoàng MY
"Thế giới di động sẽ liên hệ hướng dẫn, khắc phục lỗi sản phẩm",06/12/2019,Xong Lê
,,
Không phải là bọn mình thi nhau nói xấu samsung chứ bỏ ra gần 7tr để mua con này thì không đáng đâu mọi người những ai mà chủ yếu lướt web hay xem phim thì thấy được chứ riêng mình thấy dở tệ cam,04/12/2019,Nhật uyên
,,
"Chắc do SS bán được với số lượng và chất lượng quá tốt, nên seeder phải dìm hàng samsung xuống, có ai đặt nghi vấn vì sao các hãng TQ thì không ai chê, nhưng riêng SS thì luôn bị chê thậm tệ? Mình dùng A50 6 tháng, phải nói là quá tuyệt vời, có điều cảm ứng hơi không đc nhạy, có thể vào setting để tăng độ nhạy đc, nên mọi thứ có thể nói là tuyệt vời",04/12/2019,Trường Nguyễn
Chắc tại bạn chưa trải nghiệm nhìu chứ camera sau để 3camera cho có chứ zom lên tầm 2x là bị nhòe không thấy chữ luon tại vì mk là sinh vien nen hay dùng để chụp tài liệu tren bảng với lại cái vân tay dở tệ mới cài thì nhậy chứ xài vài ngày là như shit chưa kể nhận diện khuôn mặt cũng kém nữa rồi khi mk chơi freefire thì hay bị đứng nữa noi chung là mua cái này chỉ để coi phim voi luot web thì ok chứ bỏ ra gần 7tr mua con này thì không đáng ,04/12/2019,Nhật uyên
"tui mua 2 máy đều tháng 7/2019 được 5 tháng phải nói là ngon,vân tay chắc là bạn để không chính xác nên mới không nhạy,chứ tui để nhẹ cái nhất lên liền nó cũng mở,nhu cầu tui xài rất nhiều nhưng không chơi game nên mới mua 2 máy để khỏi phải chờ sạc pin chứ lúc mua 6.900 2 máy đủ mua 7 plus rồi cảm thấy rất ngon chứ không đáng gì,camera thì zoom lên bể chữ thì bạn đừng zoom để chụp luôn rồi phóng ra,ngồi trong phòng học mà chụp lên bảng không thấy rõ ràng mắt bạn có vấn đề,chắc là bị cận",06/12/2019,Hoàng Nhân
"mình xài A50 được gần 1 năm nay rồi, mọi thứ đều rất ok nhé. cảm biến vân tay và nhận diện khuôn mặt đều nhạy, cam thì chụp cũng ok. chơi game cũng k đến nổi nào là quá lag, wifi mạnh là chơi mượt bth. lúc xài tới giờ chưa bao giờ bị lỗi gì để đi sửa chữa hết ^^",16/01/2020,Hoàng Thy
,,
Xài được 3 tháng. Máy cảm ứng bị đơ. Nhiều khi loạn cảm ứng. Bấm phím này nhảy phím kia. Màn hình bị giật. Sim 4g cứ bị mất sóng trong khi điện thoại đồng nghiềp xài phà phà. Quá thất vọng,03/12/2019,Nguyễn Thảo Uyên
,,
Mua xài thấy máy chạy cũng được. Mở khóa vân tay ko nhạy dù đã cập nhật. Camera trước ảo tung chảo. Camera sau nhìn như nhòe hay sao. Ra dmx thì nv bên samsung nói là đó camera sau cơ chế đó làm đẹp quá mức nên chụp xong nhìn nó có kiểu nhòe như vậy. Pó tay. Pin xài ok. Mạng thì ok. Loa to hơi rè. Nói chung chỉ có camera là ko ổn. Bực bội cái gọi là camera 25mp gì đó. Chụp cảnh thì còn dc. Chụp người thì nó nhoe nhóe sao.,01/12/2019,Phuong
,,
"mình mua A50s dụng rồi ! Khuyến các bạn không nên dùng vì sản phẩm kem chất lượng đặc biệt là bộ phận sắc phim , samsung bảo hành kèm ",30/11/2019,Nguyễn truong
,,
